#CHROM	POS	REF	ALT	Gene_ID	Gene_name	HGVSc	HGVSg	Intron_number	gnomADg_AF	Effect_category	Source
1	22215993	G	A	ENSG00000142798	HSPG2	ENST00000374695.3:c.574+481C>T	1:g.22215993G>A	6/96	3.186500180163421e-05	new_splice_donor	vazDrago_2017
1	94484082	T	C	ENSG00000198691	ABCA4	ENST00000370225.3:c.5196+1056A>G	1:g.94484082T>C	36/49	.	new_splice_donor	vazDrago_2017
1	98045449	G	C	ENSG00000188641	DPYD	ENST00000370192.3:c.1129-5923C>G	1:g.98045449G>C	10/22	0.01335499994456768	new_splice_donor	vazDrago_2017
1	100672742	T	C	ENSG00000137992	DBT	ENST00000370132.4:c.1018-550A>G	1:g.100672742T>C	8/10	.	new_splice_donor	vazDrago_2017
1	215967783	T	C	ENSG00000042781	USH2A	ENST00000307340.3:c.9959-4159A>G	1:g.215967783T>C	50/71	.	new_splice_donor	vazDrago_2017
1	216039721	G	A	ENSG00000042781	USH2A	ENST00000307340.3:c.8845+628C>T	1:g.216039721G>A	44/71	.	new_splice_donor	vazDrago_2017
1	216247476	T	C	ENSG00000042781	USH2A	ENST00000307340.3:c.5573-834A>G	1:g.216247476T>C	27/71	3.183900116709992e-05	strengthening_donor	vazDrago_2017
2	26500642	A	G	ENSG00000138029	HADHB	ENST00000317799.5:c.442+614A>G	2:g.26500642A>G	7/15	.	new_splice_donor	vazDrago_2017
2	47635062	T	G	ENSG00000095002	MSH2	ENST00000233146.2:c.212-478T>G	2:g.47635062T>G	1/15	.	new_splice_donor	vazDrago_2017
