tool	precision	specificity	sensitivity	mcc	norm_mcc	weighted_norm_mcc	tp	fp	tn	fn	mp	mn	scored_p	scored_n	total_p	total_n	F1	weighted_F1	total	correct	nan	fraction_nan	coverage	accuracy	weighted_accuracy	auROC	average_precision
CADD-Splice	0.6909090909090909	0.5641025641025641	0.9743589743589743	0.59	0.7949999999999999	0.795	38	17	22	1	0	0	39	39	39	39	0.809	0.809	78	60	0	0.0	1.0	0.7692307692307693	0.769	0.8625904010519396	0.7995204436594864
SQUIRLS	1.0	1.0	0.6666666666666666	0.707	0.8534999999999999	0.853	26	0	39	13	0	0	39	39	39	39	0.8	0.8	78	65	0	0.0	1.0	0.8333333333333334	0.833	0.9086127547666009	0.9142592318802637
SpliceAI	0.9024390243902439	0.8947368421052632	0.9487179487179487	0.845	0.9225	0.911	37	4	34	2	0	1	39	38	39	39	0.925	0.913	78	71	1	0.01282051282051282	0.9871794871794872	0.922077922077922	0.91	0.9581646423751686	0.942870198279559
TraP	0.66	0.5277777777777778	0.8461538461538461	0.396	0.698	0.671	33	17	19	6	0	3	39	36	39	39	0.742	0.713	78	52	3	0.038461538461538464	0.9615384615384616	0.6933333333333334	0.667	0.8283475783475783	0.8529526157038544
ConSpliceML	0.9166666666666666	0.9142857142857143	0.9166666666666666	0.831	0.9155	0.833	33	3	32	3	3	4	36	35	39	39	0.917	0.834	78	65	7	0.08974358974358974	0.9102564102564102	0.9154929577464789	0.833	0.9746031746031746	0.9512485750787064
CI-SpliceAI	0.8043478260869565	0.7692307692307693	0.9487179487179487	0.73	0.865	0.865	37	9	30	2	0	0	39	39	39	39	0.871	0.871	78	67	0	0.0	1.0	0.8589743589743589	0.859	0.94543063773833	0.9265014608909973
Pangolin	0.8974358974358975	0.8974358974358975	0.8974358974358975	0.795	0.8975	0.898	35	4	35	4	0	0	39	39	39	39	0.897	0.897	78	70	0	0.0	1.0	0.8974358974358975	0.897	0.9592373438527285	0.9406840554980936
SPiP	0.8780487804878049	0.8717948717948718	0.9230769230769231	0.796	0.898	0.898	36	5	34	3	0	0	39	39	39	39	0.9	0.9	78	70	0	0.0	1.0	0.8974358974358975	0.897	0.9414858645627876	0.9077599843818936
AbSplice-DNA	0.9696969696969697	0.9714285714285714	0.8648648648648649	0.839	0.9195	0.849	32	1	34	5	2	4	37	35	39	39	0.914	0.844	78	66	6	0.07692307692307693	0.9230769230769231	0.9166666666666666	0.846	0.9583011583011584	0.9453336130306418
