#CHROM	POS	REF	ALT	Gene_ID	Gene_name	HGVSc	HGVSg	Intron_number	gnomADg_AF	Effect_category	Functional_consequence	Source
12	109999068	G	A	ENSG00000139428	MMAB	ENST00000545712.2:c.519+157C>T	12:g.109999068G>A	6/8	0.1657000035047531	change_sre	87bp_pseudoexon_inclusion	petersen_2021
15	89443845	T	C	ENSG00000140545	MFGE8	ENST00000268150.8:c.871-803A>G	15:g.89443845T>C	6/7	.	strengthening_donor	102bp_pseudoexon_inclusion	petersen_2021
17	73839908	G	A	ENSG00000092929	UNC13D	ENST00000207549.4:c.118-308C>T	17:g.73839908G>A	1/31	0.00019119000353384763	change_sre	130bp_pseudoexon_inclusion	petersen_2021
3	10184582	G	GAAGAGCCGACCGTGTGTG	ENSG00000134086	VHL	ENST00000256474.2:c.340+694_340+711dup	3:g.10184565_10184582dup	1/2	.	change_sre	277bp_pseudoexon_inclusion	petersen_2021
5	7883778	T	C	ENSG00000124275	MTRR	ENST00000264668.2:c.984+388T>C	5:g.7883778T>C	6/14	.	change_sre	140bp_pseudoexon_inclusion	petersen_2021
6	51618610	G	T	ENSG00000170927	PKHD1	ENST00000371117.3:c.8798-459C>A	6:g.51618610G>T	56/66	.	branchpoint_associated	111bp_pseudoexon_inclusion	petersen_2021
X	32946773	A	C	ENSG00000198947	DMD	ENST00000357033.4:c.94-78836T>G	X:g.32946773A>C	2/78	.	change_sre	74bp_pseudoexon_inclusion	petersen_2021
X	32946795	G	C	ENSG00000198947	DMD	ENST00000357033.4:c.94-78858C>G	X:g.32946795G>C	2/78	.	change_sre	74bp_pseudoexon_inclusion	petersen_2021
X	38155362	C	T	ENSG00000156313	RPGR	ENST00000378505.2:c.1414+1175G>A	X:g.38155362C>T	11/14	.	change_sre	160bp_pseudoexon_inclusion	petersen_2021
X	154174820	C	G	ENSG00000185010	F8	ENST00000360256.4:c.2113+1153G>C	X:g.154174820C>G	13/25	.	change_sre	112bp_pseudoexon_inclusion	petersen_2021
X	154174820	CT	C	ENSG00000185010	F8	ENST00000360256.4:c.2113+1152del	X:g.154174821del	13/25	.	change_sre	113bp_pseudoexon_inclusion	petersen_2021
X	154175499	GAAAAAAAAAAAAA	G	ENSG00000185010	F8	ENST00000360256.4:c.2113+461_2113+473del	X:g.154175512_154175524del	13/25	.	strengthening_acceptor	122bp_pseudoexon_inclusion	petersen_2021
