#CHROM	POS	REF	ALT	Gene_ID	Gene_name	HGVSc	HGVSg	Intron_number	gnomADg_AF	Effect_category	Source
1	103381247	A	G	ENSG00000060718	COL11A1	ENST00000370096.3:c.3763-7T>C	1:g.103381247A>G	49/66	.	strengthening_acceptor	cheung_2019
1	150471675	G	A	ENSG00000143374	TARS2	ENST00000369064.3:c.1540-17G>A	1:g.150471675G>A	12/17	.	strengthening_acceptor	cheung_2019
1	151665892	T	C	ENSG00000143376	SNX27	ENST00000368843.3:c.1519-8T>C	1:g.151665892T>C	10/11	.	strengthening_acceptor	cheung_2019
10	99426807	T	C	ENSG00000155252	PI4K2A	ENST00000370631.3:c.1219-11T>C	10:g.99426807T>C	7/8	.	strengthening_acceptor	cheung_2019
10	120921938	T	C	ENSG00000183605	SFXN4	ENST00000355697.2:c.178-12A>G	10:g.120921938T>C	2/13	.	strengthening_acceptor	cheung_2019
11	34163257	C	T	ENSG00000135372	NAT10	ENST00000257829.3:c.2713-9C>T	11:g.34163257C>T	25/28	6.367400055751204e-05	strengthening_acceptor	cheung_2019
11	43940573	A	G	ENSG00000166199	ALKBH3	ENST00000302708.4:c.670-15A>G	11:g.43940573A>G	8/9	.	strengthening_acceptor	cheung_2019
11	43940575	T	G	ENSG00000166199	ALKBH3	ENST00000302708.4:c.670-13T>G	11:g.43940575T>G	8/9	.	strengthening_acceptor	cheung_2019
14	23939248	T	C	ENSG00000129460	NGDN	ENST00000408901.3:c.13-3T>C	14:g.23939248T>C	1/10	.	strengthening_acceptor	cheung_2019
14	96781575	T	C	ENSG00000066739	ATG2B	ENST00000359933.4:c.3562-4A>G	14:g.96781575T>C	22/41	.	strengthening_acceptor	cheung_2019
16	57785168	C	G	ENSG00000140854	KATNB1	ENST00000379661.3:c.391-5C>G	16:g.57785168C>G	5/19	0.010834000073373318	strengthening_acceptor	cheung_2019
16	84476103	A	G	ENSG00000064270	ATP2C2	ENST00000262429.4:c.1312-13A>G	16:g.84476103A>G	14/26	.	strengthening_acceptor	cheung_2019
16	88958384	A	T	ENSG00000129993	CBFA2T3	ENST00000268679.4:c.622-5T>A	16:g.88958384A>T	4/11	.	strengthening_acceptor	cheung_2019
17	3635773	C	G	ENSG00000083457	ITGAE	ENST00000263087.4:c.2656-13G>C	17:g.3635773C>G	21/30	.	strengthening_acceptor	cheung_2019
17	38793828	C	T	ENSG00000073584	SMARCE1	ENST00000348513.6:c.157-4G>A	17:g.38793828C>T	4/10	0.00038233998930081725	strengthening_acceptor	cheung_2019
17	40497678	A	G	ENSG00000168610	STAT3	ENST00000264657.5:c.274-3T>C	17:g.40497678A>G	3/23	.	strengthening_acceptor	cheung_2019
