tool	precision	specificity	sensitivity	mcc	norm_mcc	weighted_norm_mcc	tp	fp	tn	fn	mp	mn	scored_p	scored_n	total_p	total_n	F1	weighted_F1	total	correct	nan	fraction_nan	coverage	accuracy	weighted_accuracy	auROC	average_precision
CADD-Splice	0.6923076923076923	0.6476683937823834	0.796875	0.449	0.7245	0.723	153	68	125	39	1	0	192	193	193	193	0.741	0.739	386	278	1	0.0025906735751295338	0.9974093264248705	0.7220779220779221	0.72	0.7935826856649395	0.7910062723674878
SQUIRLS	1.0	1.0	0.48704663212435234	0.567	0.7835	0.784	94	0	193	99	0	0	193	193	193	193	0.655	0.655	386	287	0	0.0	1.0	0.7435233160621761	0.744	0.8162635238529894	0.867697547758709
SpliceAI	0.9405405405405406	0.9430051813471503	0.9015544041450777	0.845	0.9225	0.922	174	11	182	19	0	0	193	193	193	193	0.921	0.921	386	356	0	0.0	1.0	0.9222797927461139	0.922	0.9508711643265592	0.961397303939866
TraP	0.6745283018867925	0.6123595505617978	0.7486910994764397	0.365	0.6825	0.652	143	69	109	48	2	15	191	178	193	193	0.71	0.678	386	252	17	0.04404145077720207	0.9559585492227979	0.6829268292682927	0.653	0.7493381963644921	0.8045897672678128
ConSpliceML	0.9444444444444444	0.9428571428571428	0.9090909090909091	0.851	0.9255	0.868	170	10	165	17	6	18	187	175	193	193	0.926	0.869	386	335	24	0.06217616580310881	0.9378238341968912	0.925414364640884	0.868	0.9686172650878534	0.9708906988565595
CI-SpliceAI	0.8638743455497382	0.8652849740932642	0.8549222797927462	0.72	0.86	0.86	165	26	167	28	0	0	193	193	193	193	0.859	0.859	386	332	0	0.0	1.0	0.8601036269430051	0.86	0.9345485784853285	0.9411181694969433
Pangolin	0.9388888888888889	0.9430051813471503	0.8756476683937824	0.821	0.9105	0.91	169	11	182	24	0	0	193	193	193	193	0.906	0.906	386	351	0	0.0	1.0	0.9093264248704663	0.909	0.9360251281913607	0.9532332946180555
SPiP	0.9183673469387755	0.9378238341968912	0.6994818652849741	0.656	0.8280000000000001	0.828	135	12	181	58	0	0	193	193	193	193	0.794	0.794	386	316	0	0.0	1.0	0.8186528497409327	0.819	0.8152433622379125	0.8616742267542543
AbSplice-DNA	0.9745762711864406	0.9813664596273292	0.6609195402298851	0.672	0.8360000000000001	0.726	115	3	158	59	19	32	174	161	193	193	0.788	0.684	386	273	51	0.13212435233160622	0.8678756476683938	0.8149253731343283	0.707	0.8946598129506675	0.9178047540823882
